"year","eventTitle","category","eventId","eventSlug","eventUrl","nominee","marketId","marketSlug","question","yesLabel","noLabel","yesPrice","noPrice","lastTradePrice","bestBid","bestAsk","spread","volume","volume24hr","liquidity","updatedAt","active","closed"
"2026","Oscars 2026: Best Actor Winner","Best Actor","50282","oscars-2026-best-actor-winner","https://polymarket.com/event/oscars-2026-best-actor-winner","Michael B. Jordan","614012","will-michael-b-jordan-win-best-actor-at-the-98th-academy-awards","Will Michael B. Jordan win Best Actor at the 98th Academy Awards?","Yes","No","0.5525","0.4475","0.553","0.552","0.553","0.001","1249884.562435997","199339.03532100006","56359.51704","2026-03-13T02:03:25.00906Z","True","False"
"2026","Oscars 2026: Best Actor Winner","Best Actor","50282","oscars-2026-best-actor-winner","https://polymarket.com/event/oscars-2026-best-actor-winner","Timothée Chalamet","614008","will-timothe-chalamet-win-best-actor-at-the-98th-academy-awards","Will Timothée Chalamet win Best Actor at the 98th Academy Awards?","Yes","No","0.315","0.685","0.32","0.31","0.32","0.01","1292003.3668339823","101620.6939679999","61590.3974","2026-03-13T02:02:50.776417Z","True","False"
"2026","Oscars 2026: Best Actor Winner","Best Actor","50282","oscars-2026-best-actor-winner","https://polymarket.com/event/oscars-2026-best-actor-winner","Leonardo DiCaprio","614007","will-leonardo-dicaprio-win-best-actor-at-the-98th-academy-awards","Will Leonardo DiCaprio win Best Actor at the 98th Academy Awards?","Yes","No","0.067","0.933","0.066","0.066","0.068","0.002","1074577.5710050047","92701.35305499997","42717.90609","2026-03-13T02:02:53.21065Z","True","False"
"2026","Oscars 2026: Best Actor Winner","Best Actor","50282","oscars-2026-best-actor-winner","https://polymarket.com/event/oscars-2026-best-actor-winner","Wagner Moura","614013","will-wagner-moura-win-best-actor-at-the-98th-academy-awards","Will Wagner Moura win Best Actor at the 98th Academy Awards?","Yes","No","0.042","0.958","0.042","0.041","0.043","0.002","741037.9277059985","72029.04260399996","48932.22576","2026-03-13T02:02:53.285058Z","True","False"
"2026","Oscars 2026: Best Actor Winner","Best Actor","50282","oscars-2026-best-actor-winner","https://polymarket.com/event/oscars-2026-best-actor-winner","Ethan Hawke","614018","will-ethan-hawke-win-best-actor-at-the-98th-academy-awards","Will Ethan Hawke win Best Actor at the 98th Academy Awards?","Yes","No","0.014","0.986","0.013","0.013","0.015","0.002","868849.2860540004","85572.26307999999","43388.84054","2026-03-13T02:02:53.212617Z","True","False"
"2026","Oscars 2026: Best Actress Winner","Best Actress","50298","oscars-2026-best-actress-winner","https://polymarket.com/event/oscars-2026-best-actress-winner","Jessie Buckley","614311","will-jessie-buckley-win-best-actress-at-the-98th-academy-awards","Will Jessie Buckley win Best Actress at the 98th Academy Awards?","Yes","No","0.9735","0.0265","0.973","0.973","0.974","0.001","332044.250617","38699.785406","152292.93078","2026-03-13T02:03:30.804255Z","True","False"
"2026","Oscars 2026: Best Actress Winner","Best Actress","50298","oscars-2026-best-actress-winner","https://polymarket.com/event/oscars-2026-best-actress-winner","Rose Byrne","614314","will-rose-byrne-win-best-actress-at-the-98th-academy-awards","Will Rose Byrne win Best Actress at the 98th Academy Awards?","Yes","No","0.0195","0.9805","0.02","0.019","0.02","0.001","217059.16758099946","23101.433904","102037.7112","2026-03-13T02:03:18.015561Z","True","False"
"2026","Oscars 2026: Best Actress Winner","Best Actress","50298","oscars-2026-best-actress-winner","https://polymarket.com/event/oscars-2026-best-actress-winner","Emma Stone","614315","will-emma-stone-win-best-actress-at-the-98th-academy-awards","Will Emma Stone win Best Actress at the 98th Academy Awards?","Yes","No","0.0035","0.9965","0.003","0.003","0.004","0.001","200619.51296399985","34273.924050999995","10329.45531","2026-03-13T02:03:43.804093Z","True","False"
"2026","Oscars 2026: Best Actress Winner","Best Actress","50298","oscars-2026-best-actress-winner","https://polymarket.com/event/oscars-2026-best-actress-winner","Renate Reinsve","614312","will-renate-reinsve-win-best-actress-at-the-98th-academy-awards","Will Renate Reinsve win Best Actress at the 98th Academy Awards?","Yes","No","0.0035","0.9965","0.004","0.003","0.004","0.001","208641.34258099966","17990.146970000005","26386.32621","2026-03-13T02:03:30.294963Z","True","False"
"2026","Oscars 2026: Best Actress Winner","Best Actress","50298","oscars-2026-best-actress-winner","https://polymarket.com/event/oscars-2026-best-actress-winner","Kate Hudson","614321","will-kate-hudson-win-best-actress-at-the-98th-academy-awards","Will Kate Hudson win Best Actress at the 98th Academy Awards?","Yes","No","0.002","0.998","0.002","0.001","0.003","0.002","243690.9990679998","25327.292332","19387.707","2026-03-13T02:03:38.460334Z","True","False"
"2026","Oscars 2026: Best Adapted Screenplay Winner","Best Adapted Screenplay","50323","oscars-2026-best-adapted-screenplay-winner","https://polymarket.com/event/oscars-2026-best-adapted-screenplay-winner","One Battle After Another","614565","will-one-battle-after-another-win-best-adapted-screenplay-at-the-98th-academy-awards","Will One Battle After Another win Best Adapted Screenplay at the 98th Academy Awards?","Yes","No","0.963","0.037","0.964","0.961","0.965","0.004","134882.49217400007","4374.988514000001","22824.71947","2026-03-13T02:03:00.613529Z","True","False"
"2026","Oscars 2026: Best Adapted Screenplay Winner","Best Adapted Screenplay","50323","oscars-2026-best-adapted-screenplay-winner","https://polymarket.com/event/oscars-2026-best-adapted-screenplay-winner","Hamnet","614566","will-hamnet-win-best-adapted-screenplay-at-the-98th-academy-awards","Will Hamnet win Best Adapted Screenplay at the 98th Academy Awards?","Yes","No","0.026","0.974","0.024","0.025","0.027","0.002","106394.77131699996","3090.2216979999994","17660.27444","2026-03-13T02:03:34.749543Z","True","False"
"2026","Oscars 2026: Best Adapted Screenplay Winner","Best Adapted Screenplay","50323","oscars-2026-best-adapted-screenplay-winner","https://polymarket.com/event/oscars-2026-best-adapted-screenplay-winner","Frankenstein","614571","will-frankenstein-win-best-adapted-screenplay-at-the-98th-academy-awards","Will Frankenstein win Best Adapted Screenplay at the 98th Academy Awards?","Yes","No","0.0065","0.9935","0.007","0.006","0.007","0.001","58490.14540300003","15753.088808000002","15319.24905","2026-03-13T02:03:00.018811Z","True","False"
"2026","Oscars 2026: Best Adapted Screenplay Winner","Best Adapted Screenplay","50323","oscars-2026-best-adapted-screenplay-winner","https://polymarket.com/event/oscars-2026-best-adapted-screenplay-winner","Train Dreams","614574","will-train-dreams-win-best-adapted-screenplay-at-the-98th-academy-awards","Will Train Dreams win Best Adapted Screenplay at the 98th Academy Awards?","Yes","No","0.004","0.996","0.005","0.003","0.005","0.002","57782.086204","3179.04316","15858.00038","2026-03-13T02:03:27.10802Z","True","False"
"2026","Oscars 2026: Best Adapted Screenplay Winner","Best Adapted Screenplay","50323","oscars-2026-best-adapted-screenplay-winner","https://polymarket.com/event/oscars-2026-best-adapted-screenplay-winner","Bugonia","614567","will-bugonia-win-best-adapted-screenplay-at-the-98th-academy-awards","Will Bugonia win Best Adapted Screenplay at the 98th Academy Awards?","Yes","No","0.003","0.997","0.003","0.002","0.004","0.002","49362.08085600003","2664.3999639999997","15837.84708","2026-03-13T02:03:24.825989Z","True","False"
"2026","Oscars 2026: Best Animated Feature Film Winner","Best Animated Feature Film","181332","oscars-2026-best-animated-feature-film-winner","https://polymarket.com/event/oscars-2026-best-animated-feature-film-winner","KPop Demon Hunters","1242278","will-kpop-demon-hunters-win-best-animated-feature-film-at-the-98th-academy-awards","Will KPop Demon Hunters win Best Animated Feature Film at the 98th Academy Awards?","Yes","No","0.925","0.075","0.93","0.92","0.93","0.01","125243.0908519999","10133.380877999998","8419.6805","2026-03-13T02:03:39.373994Z","True","False"
"2026","Oscars 2026: Best Animated Feature Film Winner","Best Animated Feature Film","181332","oscars-2026-best-animated-feature-film-winner","https://polymarket.com/event/oscars-2026-best-animated-feature-film-winner","Zootopia 2","1242280","will-zootopia-2-win-best-animated-feature-film-at-the-98th-academy-awards","Will Zootopia 2 win Best Animated Feature Film at the 98th Academy Awards?","Yes","No","0.0595","0.9405","0.06","0.058","0.061","0.003","85364.37845099994","4114.6383559999995","8734.01469","2026-03-13T02:03:41.450805Z","True","False"
"2026","Oscars 2026: Best Animated Feature Film Winner","Best Animated Feature Film","181332","oscars-2026-best-animated-feature-film-winner","https://polymarket.com/event/oscars-2026-best-animated-feature-film-winner","Arco","1242276","will-arco-win-best-animated-feature-film-at-the-98th-academy-awards","Will Arco win Best Animated Feature Film at the 98th Academy Awards?","Yes","No","0.0085","0.9915","0.008","0.008","0.009","0.001","79732.54156400001","4502.771646","7830.58191","2026-03-13T02:03:25.347812Z","True","False"
"2026","Oscars 2026: Best Animated Feature Film Winner","Best Animated Feature Film","181332","oscars-2026-best-animated-feature-film-winner","https://polymarket.com/event/oscars-2026-best-animated-feature-film-winner","Little Amelie or the Character of Rain","1242279","will-little-amelie-or-the-character-of-rain-win-best-animated-feature-film-at-the-98th-academy-awards","Will Little Amelie or the Character of Rain win Best Animated Feature Film at the 98th Academy Awards?","Yes","No","0.0085","0.9915","0.008","0.008","0.009","0.001","75197.52485800006","5212.1888069999995","6633.71549","2026-03-13T02:03:26.534137Z","True","False"
"2026","Oscars 2026: Best Animated Feature Film Winner","Best Animated Feature Film","181332","oscars-2026-best-animated-feature-film-winner","https://polymarket.com/event/oscars-2026-best-animated-feature-film-winner","Elio","1242277","will-elio-win-best-animated-feature-film-at-the-98th-academy-awards","Will Elio win Best Animated Feature Film at the 98th Academy Awards?","Yes","No","0.0025","0.9975","0.003","0.002","0.003","0.001","77644.66901300002","5510.589497999999","15004.84941","2026-03-13T02:03:31.150293Z","True","False"
"2026","Oscars 2026: Best Animated Short Film Winner","Best Animated Short Film","181354","oscars-2026-best-animated-short-film-winner","https://polymarket.com/event/oscars-2026-best-animated-short-film-winner","Butterfly","1242494","will-butterfly-win-best-animated-short-film-at-the-98th-academy-awards","Will Butterfly win Best Animated Short Film at the 98th Academy Awards?","Yes","No","0.52","0.48","0.52","0.5","0.54","0.04","40550.93000799997","4161.2075780000005","3713.384","2026-03-13T02:03:06.403211Z","True","False"
"2026","Oscars 2026: Best Animated Short Film Winner","Best Animated Short Film","181354","oscars-2026-best-animated-short-film-winner","https://polymarket.com/event/oscars-2026-best-animated-short-film-winner","The Girl Who Cried Pearls","1242496","will-the-girl-who-cried-pearls-win-best-animated-short-film-at-the-98th-academy-awards","Will The Girl Who Cried Pearls win Best Animated Short Film at the 98th Academy Awards?","Yes","No","0.265","0.735","0.22","0.25","0.28","0.03","19639.23615999999","65.58666400000001","2645.4633","2026-03-13T02:03:12.668744Z","True","False"
"2026","Oscars 2026: Best Animated Short Film Winner","Best Animated Short Film","181354","oscars-2026-best-animated-short-film-winner","https://polymarket.com/event/oscars-2026-best-animated-short-film-winner","Retirement Plan","1242497","will-retirement-plan-win-best-animated-short-film-at-the-98th-academy-awards","Will Retirement Plan win Best Animated Short Film at the 98th Academy Awards?","Yes","No","0.15","0.85","0.15","0.14","0.16","0.02","22057.355584999994","94.377199","3004.122","2026-03-13T02:02:52.398358Z","True","False"
"2026","Oscars 2026: Best Animated Short Film Winner","Best Animated Short Film","181354","oscars-2026-best-animated-short-film-winner","https://polymarket.com/event/oscars-2026-best-animated-short-film-winner","Forevergreen","1242495","will-forevergreen-win-best-animated-short-film-at-the-98th-academy-awards","Will Forevergreen win Best Animated Short Film at the 98th Academy Awards?","Yes","No","0.08","0.92","0.08","0.07","0.09","0.02","2953.808922","68.863927","3269.6549","2026-03-13T02:03:40.688777Z","True","False"
"2026","Oscars 2026: Best Animated Short Film Winner","Best Animated Short Film","181354","oscars-2026-best-animated-short-film-winner","https://polymarket.com/event/oscars-2026-best-animated-short-film-winner","The Three Sisters","1242498","will-the-three-sisters-win-best-animated-short-film-at-the-98th-academy-awards","Will The Three Sisters win Best Animated Short Film at the 98th Academy Awards?","Yes","No","0.0245","0.9755","0.025","0.024","0.025","0.001","2047.274024","292.804894","3978.14335","2026-03-13T02:03:16.215471Z","True","False"
"2026","Oscars 2026: Best Casting Winner","Best Casting","181327","oscars-2026-best-casting-winner","https://polymarket.com/event/oscars-2026-best-casting-winner","Sinners","1242257","will-sinners-win-best-casting-at-the-98th-academy-awards","Will Sinners win Best Casting at the 98th Academy Awards?","Yes","No","0.78","0.22","0.79","0.77","0.79","0.02","44890.40508499996","4125.707903","4935.088","2026-03-13T02:02:48.67923Z","True","False"
"2026","Oscars 2026: Best Casting Winner","Best Casting","181327","oscars-2026-best-casting-winner","https://polymarket.com/event/oscars-2026-best-casting-winner","One Battle After Another","1242255","will-one-battle-after-another-win-best-casting-at-the-98th-academy-awards","Will One Battle After Another win Best Casting at the 98th Academy Awards?","Yes","No","0.13","0.87","0.13","0.11","0.15","0.04","31730.787831999984","2595.955747","4571.1246","2026-03-13T02:03:27.827238Z","True","False"
"2026","Oscars 2026: Best Casting Winner","Best Casting","181327","oscars-2026-best-casting-winner","https://polymarket.com/event/oscars-2026-best-casting-winner","Marty Supreme","1242254","will-marty-supreme-win-best-casting-at-the-98th-academy-awards","Will Marty Supreme win Best Casting at the 98th Academy Awards?","Yes","No","0.04","0.96","0.048","0.036","0.044","0.008","18930.585627000004","5725.050521000001","4699.77676","2026-03-13T02:03:33.753681Z","True","False"
"2026","Oscars 2026: Best Casting Winner","Best Casting","181327","oscars-2026-best-casting-winner","https://polymarket.com/event/oscars-2026-best-casting-winner","The Secret Agent","1242256","will-the-secret-agent-win-best-casting-at-the-98th-academy-awards","Will The Secret Agent win Best Casting at the 98th Academy Awards?","Yes","No","0.0275","0.9725","0.029","0.025","0.03","0.005","14955.932545999998","2366.7935689999995","7203.21645","2026-03-13T02:03:33.395478Z","True","False"
"2026","Oscars 2026: Best Casting Winner","Best Casting","181327","oscars-2026-best-casting-winner","https://polymarket.com/event/oscars-2026-best-casting-winner","Hamnet","1242253","will-hamnet-win-best-casting-at-the-98th-academy-awards","Will Hamnet win Best Casting at the 98th Academy Awards?","Yes","No","0.0105","0.9895","0.01","0.01","0.011","0.001","7897.789917999999","2386.130986","3990.28266","2026-03-13T02:03:29.589906Z","True","False"
"2026","Oscars 2026: Best Cinematography Winner","Best Cinematography","50390","oscars-2026-best-cinematography-winner","https://polymarket.com/event/oscars-2026-best-cinematography-winner","One Battle After Another","614805","will-one-battle-after-another-win-best-cinematography-at-the-98th-academy-awards","Will One Battle After Another win Best Cinematography at the 98th Academy Awards?","Yes","No","0.755","0.245","0.76","0.75","0.76","0.01","581960.0527680002","77659.453774","40729.5943","2026-03-13T02:03:00.66744Z","True","False"
"2026","Oscars 2026: Best Cinematography Winner","Best Cinematography","50390","oscars-2026-best-cinematography-winner","https://polymarket.com/event/oscars-2026-best-cinematography-winner","Sinners","614807","will-sinners-win-best-cinematography-at-the-98th-academy-awards","Will Sinners win Best Cinematography at the 98th Academy Awards?","Yes","No","0.19","0.81","0.19","0.18","0.2","0.02","309330.30062800064","11188.023995","18758.1167","2026-03-13T02:03:22.432814Z","True","False"
"2026","Oscars 2026: Best Cinematography Winner","Best Cinematography","50390","oscars-2026-best-cinematography-winner","https://polymarket.com/event/oscars-2026-best-cinematography-winner","Train Dreams","614815","will-train-dreams-win-best-cinematography-at-the-98th-academy-awards","Will Train Dreams win Best Cinematography at the 98th Academy Awards?","Yes","No","0.0445","0.9555","0.044","0.043","0.046","0.003","140105.40215699986","21787.259242","13270.50294","2026-03-13T02:03:16.636056Z","True","False"
"2026","Oscars 2026: Best Cinematography Winner","Best Cinematography","50390","oscars-2026-best-cinematography-winner","https://polymarket.com/event/oscars-2026-best-cinematography-winner","Marty Supreme","614811","will-marty-supreme-win-best-cinematography-at-the-98th-academy-awards","Will Marty Supreme win Best Cinematography at the 98th Academy Awards?","Yes","No","0.006","0.994","0.005","0.005","0.007","0.002","116131.65227099988","7020.44028","15953.08364","2026-03-13T02:03:44.906873Z","True","False"
"2026","Oscars 2026: Best Cinematography Winner","Best Cinematography","50390","oscars-2026-best-cinematography-winner","https://polymarket.com/event/oscars-2026-best-cinematography-winner","Frankenstein","614810","will-frankenstein-win-best-cinematography-at-the-98th-academy-awards","Will Frankenstein win Best Cinematography at the 98th Academy Awards?","Yes","No","0.0025","0.9975","0.002","0.002","0.003","0.001","128082.23886099987","10235.688112999998","13191.51439","2026-03-13T02:03:23.661844Z","True","False"
"2026","Oscars 2026: Best Costume Design Winner","Best Costume Design","50402","oscars-2026-best-costume-design-winner","https://polymarket.com/event/oscars-2026-best-costume-design-winner","Frankenstein","614913","will-frankenstein-win-best-costume-design-at-the-98th-academy-awards","Will Frankenstein win Best Costume Design at the 98th Academy Awards?","Yes","No","0.905","0.095","0.9","0.9","0.91","0.01","123111.59903199987","303.30441799999994","10543.817","2026-03-13T02:03:34.656407Z","True","False"
"2026","Oscars 2026: Best Costume Design Winner","Best Costume Design","50402","oscars-2026-best-costume-design-winner","https://polymarket.com/event/oscars-2026-best-costume-design-winner","Sinners","614914","will-sinners-win-best-costume-design-at-the-98th-academy-awards","Will Sinners win Best Costume Design at the 98th Academy Awards?","Yes","No","0.063","0.937","0.071","0.061","0.065","0.004","19890.120924000003","545.1112300000001","5635.27431","2026-03-13T02:03:44.479606Z","True","False"
"2026","Oscars 2026: Best Costume Design Winner","Best Costume Design","50402","oscars-2026-best-costume-design-winner","https://polymarket.com/event/oscars-2026-best-costume-design-winner","Hamnet","614912","will-hamnet-win-best-costume-design-at-the-98th-academy-awards","Will Hamnet win Best Costume Design at the 98th Academy Awards?","Yes","No","0.02","0.98","0.017","0.018","0.022","0.004","47943.170306","9395.917942000002","5733.74931","2026-03-13T02:03:23.534086Z","True","False"
"2026","Oscars 2026: Best Costume Design Winner","Best Costume Design","50402","oscars-2026-best-costume-design-winner","https://polymarket.com/event/oscars-2026-best-costume-design-winner","Marty Supreme","614915","will-marty-supreme-win-best-costume-design-at-the-98th-academy-awards","Will Marty Supreme win Best Costume Design at the 98th Academy Awards?","Yes","No","0.0155","0.9845","0.017","0.014","0.017","0.003","22616.061201000004","1794.748","6612.12542","2026-03-13T02:03:46.102925Z","True","False"
"2026","Oscars 2026: Best Costume Design Winner","Best Costume Design","50402","oscars-2026-best-costume-design-winner","https://polymarket.com/event/oscars-2026-best-costume-design-winner","Avatar: Fire and Ash","614927","will-avatar-fire-and-ash-win-best-costume-design-at-the-98th-academy-awards-482","Will Avatar: Fire and Ash win Best Costume Design at the 98th Academy Awards?","Yes","No","0.0075","0.9925","0.008","0.007","0.008","0.001","16481.661451","805.975","5115.96402","2026-03-13T02:03:04.932012Z","True","False"
"2026","Oscars 2026: Best Director Winner","Best Director","50386","oscars-2026-best-director-winner","https://polymarket.com/event/oscars-2026-best-director-winner","Paul Thomas Anderson","614719","will-paul-thomas-anderson-win-best-director-at-the-98th-academy-awards","Will Paul Thomas Anderson win Best Director at the 98th Academy Awards?","Yes","No","0.925","0.075","0.92","0.92","0.93","0.01","671478.408238001","10972.118149","35650.3934","2026-03-13T02:03:26.457555Z","True","False"
"2026","Oscars 2026: Best Director Winner","Best Director","50386","oscars-2026-best-director-winner","https://polymarket.com/event/oscars-2026-best-director-winner","Ryan Coogler","614722","will-ryan-coogler-win-best-director-at-the-98th-academy-awards","Will Ryan Coogler win Best Director at the 98th Academy Awards?","Yes","No","0.0735","0.9265","0.074","0.072","0.075","0.003","352902.2007430002","11672.231931","19848.83041","2026-03-13T02:03:31.505966Z","True","False"
"2026","Oscars 2026: Best Director Winner","Best Director","50386","oscars-2026-best-director-winner","https://polymarket.com/event/oscars-2026-best-director-winner","Joachim Trier","614720","will-joachim-trier-win-best-director-at-the-98th-academy-awards","Will Joachim Trier win Best Director at the 98th Academy Awards?","Yes","No","0.004","0.996","0.003","0.003","0.005","0.002","355242.8194649998","25892.68826599999","27971.91097","2026-03-13T02:03:39.381456Z","True","False"
"2026","Oscars 2026: Best Director Winner","Best Director","50386","oscars-2026-best-director-winner","https://polymarket.com/event/oscars-2026-best-director-winner","Chloé Zhao","614721","will-chlo-zhao-win-best-director-at-the-98th-academy-awards","Will Chloé Zhao win Best Director at the 98th Academy Awards?","Yes","No","0.003","0.997","0.002","0.002","0.004","0.002","253257.72182399995","12362.602417999997","18127.91354","2026-03-13T02:03:31.793991Z","True","False"
"2026","Oscars 2026: Best Director Winner","Best Director","50386","oscars-2026-best-director-winner","https://polymarket.com/event/oscars-2026-best-director-winner","Josh Safdie","614726","will-josh-safdie-win-best-director-at-the-98th-academy-awards","Will Josh Safdie win Best Director at the 98th Academy Awards?","Yes","No","0.002","0.998","0.006","0.001","0.003","0.002","609771.3646589996","25064.586248","15040.77186","2026-03-13T02:03:36.744414Z","True","False"
"2026","Oscars 2026: Best Documentary Feature Film Winner","Best Documentary Feature Film","181346","oscars-2026-best-documentary-feature-film-winner","https://polymarket.com/event/oscars-2026-best-documentary-feature-film-winner","The Perfect Neighbor","1242454","will-the-perfect-neighbor-win-best-documentary-feature-film-at-the-98th-academy-awards","Will The Perfect Neighbor win Best Documentary Feature Film at the 98th Academy Awards?","Yes","No","0.66","0.34","0.66","0.65","0.67","0.02","34638.12678200001","1751.4838209999998","4010.1107","2026-03-13T02:03:17.994891Z","True","False"
"2026","Oscars 2026: Best Documentary Feature Film Winner","Best Documentary Feature Film","181346","oscars-2026-best-documentary-feature-film-winner","https://polymarket.com/event/oscars-2026-best-documentary-feature-film-winner","Mr. Nobody Against Putin","1242453","will-mr-nobody-against-putin-win-best-documentary-feature-film-at-the-98th-academy-awards","Will Mr. Nobody Against Putin win Best Documentary Feature Film at the 98th Academy Awards?","Yes","No","0.205","0.795","0.22","0.19","0.22","0.03","15675.110563000015","1433.985699","2409.6956","2026-03-13T02:03:29.908019Z","True","False"
"2026","Oscars 2026: Best Documentary Feature Film Winner","Best Documentary Feature Film","181346","oscars-2026-best-documentary-feature-film-winner","https://polymarket.com/event/oscars-2026-best-documentary-feature-film-winner","Come See Me in the Good Light","1242451","will-come-see-me-in-the-good-light-win-best-documentary-feature-film-at-the-98th-academy-awards","Will Come See Me in the Good Light win Best Documentary Feature Film at the 98th Academy Awards?","Yes","No","0.07","0.93","0.08","0.06","0.08","0.02","15612.956148","1798.06","3055.352","2026-03-13T02:03:09.88279Z","True","False"
"2026","Oscars 2026: Best Documentary Feature Film Winner","Best Documentary Feature Film","181346","oscars-2026-best-documentary-feature-film-winner","https://polymarket.com/event/oscars-2026-best-documentary-feature-film-winner","The Alabama Solution","1242450","will-the-alabama-solution-win-best-documentary-feature-film-at-the-98th-academy-awards","Will The Alabama Solution win Best Documentary Feature Film at the 98th Academy Awards?","Yes","No","0.0555","0.9445","0.04","0.049","0.062","0.013","6694.322169000001","33.760000000000005","2638.07009","2026-03-13T02:03:27.181414Z","True","False"
"2026","Oscars 2026: Best Documentary Feature Film Winner","Best Documentary Feature Film","181346","oscars-2026-best-documentary-feature-film-winner","https://polymarket.com/event/oscars-2026-best-documentary-feature-film-winner","Cutting Through Rocks","1242452","will-cutting-through-rocks-win-best-documentary-feature-film-at-the-98th-academy-awards","Will Cutting Through Rocks win Best Documentary Feature Film at the 98th Academy Awards?","Yes","No","0.018","0.982","0.016","0.017","0.019","0.002","11943.996022000007","138.77625","4891.32655","2026-03-13T02:03:29.666436Z","True","False"
"2026","Oscars 2026: Best Documentary Short Film Winner","Best Documentary Short Film","181353","oscars-2026-best-documentary-short-film-winner-513","https://polymarket.com/event/oscars-2026-best-documentary-short-film-winner-513","All the Empty Rooms","1242477","will-all-the-empty-rooms-win-best-documentary-short-film-at-the-98th-academy-awards-268","Will All the Empty Rooms win Best Documentary Short Film at the 98th Academy Awards?","Yes","No","0.68","0.32","0.68","0.66","0.7","0.04","30110.78734000001","2115.246874","2218.3446","2026-03-13T02:03:28.977706Z","True","False"
"2026","Oscars 2026: Best Documentary Short Film Winner","Best Documentary Short Film","181353","oscars-2026-best-documentary-short-film-winner-513","https://polymarket.com/event/oscars-2026-best-documentary-short-film-winner-513","Armed Only with a Camera: The Life and Death of Brent Renaud","1242478","will-armed-only-with-a-camera-the-life-and-death-of-brent-renaud-win-best-documentary-short-film-at-the-98th-academy-awards-841","Will Armed Only with a Camera: The Life and Death of Brent Renaud win Best Documentary Short Film at the 98th Academy Awards?","Yes","No","0.155","0.845","0.15","0.15","0.16","0.01","9299.729100000002","752.9270469999999","2441.764","2026-03-13T02:03:24.387783Z","True","False"
"2026","Oscars 2026: Best Documentary Short Film Winner","Best Documentary Short Film","181353","oscars-2026-best-documentary-short-film-winner-513","https://polymarket.com/event/oscars-2026-best-documentary-short-film-winner-513","The Devil Is Busy","1242480","will-the-devil-is-busy-win-best-documentary-short-film-at-the-98th-academy-awards","Will The Devil Is Busy win Best Documentary Short Film at the 98th Academy Awards?","Yes","No","0.085","0.915","0.09","0.07","0.1","0.03","4161.378211000001","586.782306","2228.4308","2026-03-13T02:03:36.414982Z","True","False"
"2026","Oscars 2026: Best Documentary Short Film Winner","Best Documentary Short Film","181353","oscars-2026-best-documentary-short-film-winner-513","https://polymarket.com/event/oscars-2026-best-documentary-short-film-winner-513","Perfectly a Strangeness","1242481","will-perfectly-a-strangeness-win-best-documentary-short-film-at-the-98th-academy-awards","Will Perfectly a Strangeness win Best Documentary Short Film at the 98th Academy Awards?","Yes","No","0.0575","0.9425","0.051","0.052","0.063","0.011","3302.47964","109.735902","2351.58563","2026-03-13T02:03:37.893629Z","True","False"
"2026","Oscars 2026: Best Documentary Short Film Winner","Best Documentary Short Film","181353","oscars-2026-best-documentary-short-film-winner-513","https://polymarket.com/event/oscars-2026-best-documentary-short-film-winner-513","Children no More: Were and Are Gone","1242479","will-children-no-more-were-and-are-gone-win-best-documentary-short-film-at-the-98th-academy-awards","Will Children no More: Were and Are Gone win Best Documentary Short Film at the 98th Academy Awards?","Yes","No","0.036","0.964","0.03","0.03","0.042","0.012","1736.30328","92.52058299999999","2439.79936","2026-03-13T02:03:44.241983Z","True","False"
"2026","Oscars 2026: Best Film Editing Winner","Best Film Editing","50389","oscars-2026-best-film-editing-winner","https://polymarket.com/event/oscars-2026-best-film-editing-winner","One Battle After Another","614763","will-one-battle-after-another-win-best-film-editing-at-the-98th-academy-awards","Will One Battle After Another win Best Film Editing at the 98th Academy Awards?","Yes","No","0.795","0.205","0.79","0.79","0.8","0.01","134875.1247219999","2771.0546759999997","11766.1199","2026-03-13T02:03:29.045391Z","True","False"
"2026","Oscars 2026: Best Film Editing Winner","Best Film Editing","50389","oscars-2026-best-film-editing-winner","https://polymarket.com/event/oscars-2026-best-film-editing-winner","F1: The Movie","614766","will-f1-the-movie-win-best-film-editing-at-the-98th-academy-awards","Will F1: The Movie win Best Film Editing at the 98th Academy Awards?","Yes","No","0.13","0.87","0.125","0.125","0.135","0.01","140355.0263689999","4879.960161000001","7336.7679","2026-03-13T02:03:39.227253Z","True","False"
"2026","Oscars 2026: Best Film Editing Winner","Best Film Editing","50389","oscars-2026-best-film-editing-winner","https://polymarket.com/event/oscars-2026-best-film-editing-winner","Sinners","614764","will-sinners-win-best-film-editing-at-the-98th-academy-awards","Will Sinners win Best Film Editing at the 98th Academy Awards?","Yes","No","0.063","0.937","0.068","0.058","0.068","0.01","73030.75729800003","2997.807225","9457.64513","2026-03-13T02:03:10.670248Z","True","False"
"2026","Oscars 2026: Best Film Editing Winner","Best Film Editing","50389","oscars-2026-best-film-editing-winner","https://polymarket.com/event/oscars-2026-best-film-editing-winner","Marty Supreme","614769","will-marty-supreme-win-best-film-editing-at-the-98th-academy-awards","Will Marty Supreme win Best Film Editing at the 98th Academy Awards?","Yes","No","0.011","0.989","0.01","0.01","0.012","0.002","77055.98298299998","3117.185552","7154.49967","2026-03-13T02:03:20.888206Z","True","False"
"2026","Oscars 2026: Best Film Editing Winner","Best Film Editing","50389","oscars-2026-best-film-editing-winner","https://polymarket.com/event/oscars-2026-best-film-editing-winner","Sentimental Value","614770","will-sentimental-value-win-best-film-editing-at-the-98th-academy-awards","Will Sentimental Value win Best Film Editing at the 98th Academy Awards?","Yes","No","0.008","0.992","0.008","0.006","0.01","0.004","31023.449814999978","2214.5641880000003","9676.29655","2026-03-13T02:03:27.676443Z","True","False"
"2026","Oscars 2026: Best International Feature Film Winner","Best International Feature Film","181337","oscars-2026-best-international-feature-film-winner","https://polymarket.com/event/oscars-2026-best-international-feature-film-winner","Sentimental Value","1242303","will-sentimental-value-win-best-international-feature-film-at-the-98th-academy-awards","Will Sentimental Value win Best International Feature Film at the 98th Academy Awards?","Yes","No","0.65","0.35","0.66","0.64","0.66","0.02","107835.62767000038","8193.744418999999","5742.2834","2026-03-13T02:02:48.733684Z","True","False"
"2026","Oscars 2026: Best International Feature Film Winner","Best International Feature Film","181337","oscars-2026-best-international-feature-film-winner","https://polymarket.com/event/oscars-2026-best-international-feature-film-winner","The Secret Agent","1242301","will-the-secret-agent-win-best-international-feature-film-at-the-98th-academy-awards","Will The Secret Agent win Best International Feature Film at the 98th Academy Awards?","Yes","No","0.27","0.73","0.28","0.26","0.28","0.02","62698.54908599996","5206.633403","4630.2778","2026-03-13T02:02:52.439684Z","True","False"
"2026","Oscars 2026: Best International Feature Film Winner","Best International Feature Film","181337","oscars-2026-best-international-feature-film-winner","https://polymarket.com/event/oscars-2026-best-international-feature-film-winner","It Was Just An Accident","1242302","will-it-was-just-an-accident-win-best-international-feature-film-at-the-98th-academy-awards","Will It Was Just An Accident win Best International Feature Film at the 98th Academy Awards?","Yes","No","0.0655","0.9345","0.065","0.065","0.066","0.001","72312.88046400009","8182.810989000001","8532.8375","2026-03-13T02:03:34.803085Z","True","False"
"2026","Oscars 2026: Best International Feature Film Winner","Best International Feature Film","181337","oscars-2026-best-international-feature-film-winner","https://polymarket.com/event/oscars-2026-best-international-feature-film-winner","The Voice of Hind Rajab","1242305","will-the-voice-of-hind-rajab-win-best-international-feature-film-at-the-98th-academy-awards","Will The Voice of Hind Rajab win Best International Feature Film at the 98th Academy Awards?","Yes","No","0.0155","0.9845","0.015","0.015","0.016","0.001","56181.89581700002","5828.082804000001","5148.89338","2026-03-13T02:03:38.432519Z","True","False"
"2026","Oscars 2026: Best International Feature Film Winner","Best International Feature Film","181337","oscars-2026-best-international-feature-film-winner","https://polymarket.com/event/oscars-2026-best-international-feature-film-winner","Sirāt","1242304","will-sirt-win-best-international-feature-film-at-the-98th-academy-awards","Will Sirāt win Best International Feature Film at the 98th Academy Awards?","Yes","No","0.007","0.993","0.006","0.006","0.008","0.002","58886.07565499997","5439.060944","5945.95163","2026-03-13T02:03:28.885539Z","True","False"
"2026","Oscars 2026: Best Live Action Short Film Winner","Best Live Action Short Film","181359","oscars-2026-best-live-action-short-film-winner","https://polymarket.com/event/oscars-2026-best-live-action-short-film-winner","Two People Exchanging Saliva","1242523","will-two-people-exchanging-saliva-win-best-live-action-short-film-at-the-98th-academy-awards","Will Two People Exchanging Saliva win Best Live Action Short Film at the 98th Academy Awards?","Yes","No","0.45","0.55","0.43","0.44","0.46","0.02","31869.166213999993","1109.822087","2557.6909","2026-03-13T02:03:14.728202Z","True","False"
"2026","Oscars 2026: Best Live Action Short Film Winner","Best Live Action Short Film","181359","oscars-2026-best-live-action-short-film-winner","https://polymarket.com/event/oscars-2026-best-live-action-short-film-winner","The Singers","1242522","will-the-singers-win-best-live-action-short-film-at-the-98th-academy-awards","Will The Singers win Best Live Action Short Film at the 98th Academy Awards?","Yes","No","0.2525","0.7475","0.314","0.225","0.28","0.055","13960.873672000002","223.92655","1761.66323","2026-03-13T02:03:02.344839Z","True","False"
"2026","Oscars 2026: Best Live Action Short Film Winner","Best Live Action Short Film","181359","oscars-2026-best-live-action-short-film-winner","https://polymarket.com/event/oscars-2026-best-live-action-short-film-winner","A Friend of Dorothy","1242520","will-a-friend-of-dorothy-win-best-live-action-short-film-at-the-98th-academy-awards","Will A Friend of Dorothy win Best Live Action Short Film at the 98th Academy Awards?","Yes","No","0.225","0.775","0.22","0.21","0.24","0.03","25111.941428000002","1208.697825","3897.133","2026-03-13T02:03:41.539487Z","True","False"
"2026","Oscars 2026: Best Live Action Short Film Winner","Best Live Action Short Film","181359","oscars-2026-best-live-action-short-film-winner","https://polymarket.com/event/oscars-2026-best-live-action-short-film-winner","Jane Austen's Period Drama","1242521","will-jane-austens-period-drama-win-best-live-action-short-film-at-the-98th-academy-awards","Will Jane Austen's Period Drama win Best Live Action Short Film at the 98th Academy Awards?","Yes","No","0.06","0.94","0.06","0.05","0.07","0.02","4411.963852000001","121.6","3257.5752","2026-03-13T02:03:37.794043Z","True","False"
"2026","Oscars 2026: Best Live Action Short Film Winner","Best Live Action Short Film","181359","oscars-2026-best-live-action-short-film-winner","https://polymarket.com/event/oscars-2026-best-live-action-short-film-winner","Butcher's Stain","1242519","will-butchers-stain-win-best-live-action-short-film-at-the-98th-academy-awards","Will Butcher's Stain win Best Live Action Short Film at the 98th Academy Awards?","Yes","No","0.0295","0.9705","0.019","0.019","0.04","0.021","3054.0825409999998","109.865453","2696.8815","2026-03-13T02:03:38.385362Z","True","False"
"2026","Oscars 2026: Best Makeup and Hairstyling Winner","Best Makeup and Hairstyling","50403","oscars-2026-best-makeup-and-hairstyling-winner","https://polymarket.com/event/oscars-2026-best-makeup-and-hairstyling-winner","Frankenstein","614953","will-frankenstein-win-best-makeup-and-hairstyling-at-the-98th-academy-awards","Will Frankenstein win Best Makeup and Hairstyling at the 98th Academy Awards?","Yes","No","0.9245","0.0755","0.922","0.922","0.927","0.005","70867.02329399988","5397.946883","8519.18742","2026-03-13T02:03:45.726073Z","True","False"
"2026","Oscars 2026: Best Makeup and Hairstyling Winner","Best Makeup and Hairstyling","50403","oscars-2026-best-makeup-and-hairstyling-winner","https://polymarket.com/event/oscars-2026-best-makeup-and-hairstyling-winner","Sinners","614957","will-sinners-win-best-makeup-and-hairstyling-at-the-98th-academy-awards","Will Sinners win Best Makeup and Hairstyling at the 98th Academy Awards?","Yes","No","0.0595","0.9405","0.058","0.056","0.063","0.007","19193.890095000006","3918.141357","4958.05568","2026-03-13T02:03:36.569047Z","True","False"
"2026","Oscars 2026: Best Makeup and Hairstyling Winner","Best Makeup and Hairstyling","50403","oscars-2026-best-makeup-and-hairstyling-winner","https://polymarket.com/event/oscars-2026-best-makeup-and-hairstyling-winner","Kokuho","614969","will-kokuho-win-best-makeup-and-hairstyling-at-the-98th-academy-awards-583","Will Kokuho win Best Makeup and Hairstyling at the 98th Academy Awards?","Yes","No","0.009","0.991","0.01","0.007","0.011","0.004","19359.280742000003","5416.941559","6058.38102","2026-03-13T02:02:48.417262Z","True","False"
"2026","Oscars 2026: Best Makeup and Hairstyling Winner","Best Makeup and Hairstyling","50403","oscars-2026-best-makeup-and-hairstyling-winner","https://polymarket.com/event/oscars-2026-best-makeup-and-hairstyling-winner","The Ugly Stepsister","614970","will-the-ugly-stepsister-win-best-makeup-and-hairstyling-at-the-98th-academy-awards-294","Will The Ugly Stepsister win Best Makeup and Hairstyling at the 98th Academy Awards?","Yes","No","0.007","0.993","0.01","0.005","0.009","0.004","11546.799953000002","2906.7143709999996","5074.90221","2026-03-13T02:03:07.516413Z","True","False"
"2026","Oscars 2026: Best Makeup and Hairstyling Winner","Best Makeup and Hairstyling","50403","oscars-2026-best-makeup-and-hairstyling-winner","https://polymarket.com/event/oscars-2026-best-makeup-and-hairstyling-winner","The Smashing Machine","614955","will-the-smashing-machine-win-best-makeup-and-hairstyling-at-the-98th-academy-awards","Will The Smashing Machine win Best Makeup and Hairstyling at the 98th Academy Awards?","Yes","No","0.0055","0.9945","0.004","0.005","0.006","0.001","13666.512177000002","2847.3989710000005","9426.21374","2026-03-13T02:03:40.293289Z","True","False"
"2026","Oscars 2026: Best Original Score Winner","Best Original Score","181385","oscars-2026-best-original-score-winner","https://polymarket.com/event/oscars-2026-best-original-score-winner","Sinners","1242640","will-sinners-win-best-original-score-at-the-98th-academy-awards","Will Sinners win Best Original Score at the 98th Academy Awards?","Yes","No","0.92","0.08","0.93","0.91","0.93","0.02","48792.21595499998","4160.403105","8820.3412","2026-03-13T02:03:38.366924Z","True","False"
"2026","Oscars 2026: Best Original Score Winner","Best Original Score","181385","oscars-2026-best-original-score-winner","https://polymarket.com/event/oscars-2026-best-original-score-winner","One Battle After Another","1242639","will-one-battle-after-another-win-best-original-score-at-the-98th-academy-awards","Will One Battle After Another win Best Original Score at the 98th Academy Awards?","Yes","No","0.052","0.948","0.064","0.043","0.061","0.018","18822.138316","4337.857892","4223.14099","2026-03-13T02:02:53.380111Z","True","False"
"2026","Oscars 2026: Best Original Score Winner","Best Original Score","181385","oscars-2026-best-original-score-winner","https://polymarket.com/event/oscars-2026-best-original-score-winner","Hamnet","1242638","will-hamnet-win-best-original-score-at-the-98th-academy-awards","Will Hamnet win Best Original Score at the 98th Academy Awards?","Yes","No","0.0205","0.9795","0.02","0.013","0.028","0.015","13946.803398","5354.6591450000005","6020.35025","2026-03-13T02:03:29.062301Z","True","False"
"2026","Oscars 2026: Best Original Score Winner","Best Original Score","181385","oscars-2026-best-original-score-winner","https://polymarket.com/event/oscars-2026-best-original-score-winner","Frankenstein","1242637","will-frankenstein-win-best-original-score-at-the-98th-academy-awards","Will Frankenstein win Best Original Score at the 98th Academy Awards?","Yes","No","0.009","0.991","0.008","0.008","0.01","0.002","15905.104718000004","2097.543285","7793.90635","2026-03-13T02:02:55.831062Z","True","False"
"2026","Oscars 2026: Best Original Score Winner","Best Original Score","181385","oscars-2026-best-original-score-winner","https://polymarket.com/event/oscars-2026-best-original-score-winner","Bugonia","1242636","will-bugonia-win-best-original-score-at-the-98th-academy-awards","Will Bugonia win Best Original Score at the 98th Academy Awards?","Yes","No","0.006","0.994","0.008","0.004","0.008","0.004","10219.309889999995","2515.519961","8747.56613","2026-03-13T02:03:42.184662Z","True","False"
"2026","Oscars 2026: Best Original Screenplay Winner","Best Original Screenplay","50308","oscars-2026-best-original-screenplay-winner","https://polymarket.com/event/oscars-2026-best-original-screenplay-winner","Sinners","614430","will-sinners-win-best-original-screenplay-at-the-98th-academy-awards","Will Sinners win Best Original Screenplay at the 98th Academy Awards?","Yes","No","0.954","0.046","0.952","0.953","0.955","0.002","144291.30775799992","13049.342694","24458.36909","2026-03-13T02:03:29.26392Z","True","False"
"2026","Oscars 2026: Best Original Screenplay Winner","Best Original Screenplay","50308","oscars-2026-best-original-screenplay-winner","https://polymarket.com/event/oscars-2026-best-original-screenplay-winner","Marty Supreme","614432","will-marty-supreme-win-best-original-screenplay-at-the-98th-academy-awards","Will Marty Supreme win Best Original Screenplay at the 98th Academy Awards?","Yes","No","0.026","0.974","0.032","0.023","0.029","0.006","71186.36680200005","12620.790536999999","8470.76431","2026-03-13T02:03:07.327805Z","True","False"
"2026","Oscars 2026: Best Original Screenplay Winner","Best Original Screenplay","50308","oscars-2026-best-original-screenplay-winner","https://polymarket.com/event/oscars-2026-best-original-screenplay-winner","Blue Moon","614445","will-blue-moon-win-best-original-screenplay-at-the-98th-academy-awards-476","Will Blue Moon win Best Original Screenplay at the 98th Academy Awards?","Yes","No","0.0105","0.9895","0.019","0.009","0.012","0.003","45869.654277","14120.675407","9149.33081","2026-03-13T02:03:45.712925Z","True","False"
"2026","Oscars 2026: Best Original Screenplay Winner","Best Original Screenplay","50308","oscars-2026-best-original-screenplay-winner","https://polymarket.com/event/oscars-2026-best-original-screenplay-winner","Sentimental Value","614429","will-sentimental-value-win-best-original-screenplay-at-the-98th-academy-awards","Will Sentimental Value win Best Original Screenplay at the 98th Academy Awards?","Yes","No","0.0075","0.9925","0.015","0.005","0.01","0.005","59437.13956199996","9251.006016","9153.0606","2026-03-13T02:03:01.100689Z","True","False"
"2026","Oscars 2026: Best Original Screenplay Winner","Best Original Screenplay","50308","oscars-2026-best-original-screenplay-winner","https://polymarket.com/event/oscars-2026-best-original-screenplay-winner","It Was Just an Accident","614433","will-it-was-just-an-accident-win-best-original-screenplay-at-the-98th-academy-awards","Will It Was Just an Accident win Best Original Screenplay at the 98th Academy Awards?","Yes","No","0.004","0.996","0.004","0.003","0.005","0.002","68150.82647600003","7971.149776","12809.25357","2026-03-13T02:03:39.384273Z","True","False"
"2026","Oscars 2026: Best Original Song Winner","Best Original Song","181380","oscars-2026-best-original-song-winner-257","https://polymarket.com/event/oscars-2026-best-original-song-winner-257","Golden - KPop Demon Hunters","1242568","will-golden-kpop-demon-hunters-win-best-original-song-at-the-98th-academy-awards","Will Golden - KPop Demon Hunters win Best Original Song at the 98th Academy Awards?","Yes","No","0.88","0.12","0.87","0.87","0.89","0.02","204003.63316099995","21925.047409000003","7287.6306","2026-03-13T02:03:46.49508Z","True","False"
"2026","Oscars 2026: Best Original Song Winner","Best Original Song","181380","oscars-2026-best-original-song-winner-257","https://polymarket.com/event/oscars-2026-best-original-song-winner-257","I Lied to You - Sinners","1242569","will-i-lied-to-you-sinners-win-best-original-song-at-the-98th-academy-awards","Will I Lied to You - Sinners win Best Original Song at the 98th Academy Awards?","Yes","No","0.115","0.885","0.122","0.11","0.12","0.01","89643.10526799996","9657.603511000001","7675.33751","2026-03-13T02:02:48.19829Z","True","False"
"2026","Oscars 2026: Best Original Song Winner","Best Original Song","181380","oscars-2026-best-original-song-winner-257","https://polymarket.com/event/oscars-2026-best-original-song-winner-257","Dear Me - Diane Warren: Relentless","1242567","will-dear-me-diane-warren-relentless-win-best-original-song-at-the-98th-academy-awards","Will Dear Me - Diane Warren: Relentless win Best Original Song at the 98th Academy Awards?","Yes","No","0.0045","0.9955","0.004","0.004","0.005","0.001","84301.16607699999","8259.0374","14447.39541","2026-03-13T02:02:49.449387Z","True","False"
"2026","Oscars 2026: Best Original Song Winner","Best Original Song","181380","oscars-2026-best-original-song-winner-257","https://polymarket.com/event/oscars-2026-best-original-song-winner-257","Sweet Dreams of Joy - Viva Verdi","1242570","will-sweet-dreams-of-joy-viva-verdi-win-best-original-song-at-the-98th-academy-awards","Will Sweet Dreams of Joy - Viva Verdi win Best Original Song at the 98th Academy Awards?","Yes","No","0.0025","0.9975","0.002","0.002","0.003","0.001","84575.90627699996","7441.299333000001","23356.11544","2026-03-13T02:03:39.295648Z","True","False"
"2026","Oscars 2026: Best Original Song Winner","Best Original Song","181380","oscars-2026-best-original-song-winner-257","https://polymarket.com/event/oscars-2026-best-original-song-winner-257","Train Dreams - Train Dreams","1242571","will-train-dreams-train-dreams-win-best-original-song-at-the-98th-academy-awards","Will Train Dreams - Train Dreams win Best Original Song at the 98th Academy Awards?","Yes","No","0.0025","0.9975","0.002","0.002","0.003","0.001","84979.89589999997","6541.956","18794.37059","2026-03-13T02:03:27.259052Z","True","False"
"2026","Oscars 2026: Best Picture Winner","Best Picture","50251","oscars-2026-best-picture-winner","https://polymarket.com/event/oscars-2026-best-picture-winner","One Battle After Another","613835","will-one-battle-after-another-win-best-picture-at-the-98th-academy-awards","Will One Battle After Another win Best Picture at the 98th Academy Awards?","Yes","No","0.755","0.245","0.76","0.75","0.76","0.008","2225999.9587950013","145887.49227799993","190763.4189","2026-03-13T02:03:40.264493Z","True","False"
"2026","Oscars 2026: Best Picture Winner","Best Picture","50251","oscars-2026-best-picture-winner","https://polymarket.com/event/oscars-2026-best-picture-winner","Sinners","613837","will-sinners-win-best-picture-at-the-98th-academy-awards","Will Sinners win Best Picture at the 98th Academy Awards?","Yes","No","0.202","0.798","0.203","0.201","0.203","0.002","1976176.298463993","110247.80632400006","101408.7309","2026-03-13T02:03:27.73643Z","True","False"
"2026","Oscars 2026: Best Picture Winner","Best Picture","50251","oscars-2026-best-picture-winner","https://polymarket.com/event/oscars-2026-best-picture-winner","Hamnet","613836","will-hamnet-win-best-picture-at-the-98th-academy-awards","Will Hamnet win Best Picture at the 98th Academy Awards?","Yes","No","0.0145","0.9855","0.014","0.013","0.016","0.003","2525647.2457679943","103057.11622200003","91424.98417","2026-03-13T02:03:38.330929Z","True","False"
"2026","Oscars 2026: Best Picture Winner","Best Picture","50251","oscars-2026-best-picture-winner","https://polymarket.com/event/oscars-2026-best-picture-winner","Marty Supreme","613839","will-marty-supreme-win-best-picture-at-the-98th-academy-awards","Will Marty Supreme win Best Picture at the 98th Academy Awards?","Yes","No","0.0095","0.9905","0.009","0.009","0.01","0.001","2464829.649195002","123408.36013599999","170125.09972","2026-03-13T02:03:38.569012Z","True","False"
"2026","Oscars 2026: Best Picture Winner","Best Picture","50251","oscars-2026-best-picture-winner","https://polymarket.com/event/oscars-2026-best-picture-winner","Sentimental Value","613838","will-sentimental-value-win-best-picture-at-the-98th-academy-awards","Will Sentimental Value win Best Picture at the 98th Academy Awards?","Yes","No","0.0055","0.9945","0.005","0.005","0.006","0.001","1757044.4689469908","93494.94350100003","96522.02631","2026-03-13T02:03:26.945546Z","True","False"
"2026","Oscars 2026: Best Picture Winner","Best Picture","50251","oscars-2026-best-picture-winner","https://polymarket.com/event/oscars-2026-best-picture-winner","Train Dreams","613853","will-train-dreams-win-best-picture-at-the-98th-academy-awards-736","Will Train Dreams win Best Picture at the 98th Academy Awards?","Yes","No","0.005","0.995","0.005","0.004","0.006","0.002","2875964.978356995","176678.20902600003","35325.3756","2026-03-13T02:03:26.1178Z","True","False"
"2026","Oscars 2026: Best Picture Winner","Best Picture","50251","oscars-2026-best-picture-winner","https://polymarket.com/event/oscars-2026-best-picture-winner","The Secret Agent","613852","will-the-secret-agent-win-best-picture-at-the-98th-academy-awards-938","Will The Secret Agent win Best Picture at the 98th Academy Awards?","Yes","No","0.0045","0.9955","0.005","0.004","0.005","0.001","2149451.1349769984","172770.59109799998","82113.02535","2026-03-13T02:03:34.08698Z","True","False"
"2026","Oscars 2026: Best Picture Winner","Best Picture","50251","oscars-2026-best-picture-winner","https://polymarket.com/event/oscars-2026-best-picture-winner","Frankenstein","613849","will-frankenstein-win-best-picture-at-the-98th-academy-awards","Will Frankenstein win Best Picture at the 98th Academy Awards?","Yes","No","0.0035","0.9965","0.003","0.003","0.004","0.001","2406925.3575489954","113880.86788799998","241710.2992","2026-03-13T02:03:38.464544Z","True","False"
"2026","Oscars 2026: Best Picture Winner","Best Picture","50251","oscars-2026-best-picture-winner","https://polymarket.com/event/oscars-2026-best-picture-winner","Bugonia","613841","will-bugonia-win-best-picture-at-the-98th-academy-awards","Will Bugonia win Best Picture at the 98th Academy Awards?","Yes","No","0.0015","0.9985","0.001","0.001","0.002","0.001","2906891.2873079856","273149.825593","172916.82539","2026-03-13T02:03:32.585022Z","True","False"
"2026","Oscars 2026: Best Picture Winner","Best Picture","50251","oscars-2026-best-picture-winner","https://polymarket.com/event/oscars-2026-best-picture-winner","F1","613851","will-f1-win-best-picture-at-the-98th-academy-awards-948","Will F1 win Best Picture at the 98th Academy Awards?","Yes","No","0.0015","0.9985","0.001","0.001","0.002","0.001","3011226.8255709936","174835.52599999998","320346.82496","2026-03-13T02:02:57.922967Z","True","False"
"2026","Oscars 2026: Best Production Design Winner","Best Production Design","50401","oscars-2026-best-production-design-winner","https://polymarket.com/event/oscars-2026-best-production-design-winner","Frankenstein","614870","will-frankenstein-win-best-production-design-at-the-98th-academy-awards","Will Frankenstein win Best Production Design at the 98th Academy Awards?","Yes","No","0.905","0.095","0.9","0.9","0.91","0.01","131754.75839800003","1977.1320759999992","9245.3259","2026-03-13T02:03:03.974541Z","True","False"
"2026","Oscars 2026: Best Production Design Winner","Best Production Design","50401","oscars-2026-best-production-design-winner","https://polymarket.com/event/oscars-2026-best-production-design-winner","Sinners","614871","will-sinners-win-best-production-design-at-the-98th-academy-awards","Will Sinners win Best Production Design at the 98th Academy Awards?","Yes","No","0.0685","0.9315","0.069","0.068","0.069","0.001","13293.538057999998","1068.5672829999999","5327.38087","2026-03-13T02:03:38.772397Z","True","False"
"2026","Oscars 2026: Best Production Design Winner","Best Production Design","50401","oscars-2026-best-production-design-winner","https://polymarket.com/event/oscars-2026-best-production-design-winner","Hamnet","614872","will-hamnet-win-best-production-design-at-the-98th-academy-awards","Will Hamnet win Best Production Design at the 98th Academy Awards?","Yes","No","0.015","0.985","0.012","0.013","0.017","0.004","27128.713742","835.930176","6776.57777","2026-03-13T02:03:31.371172Z","True","False"
"2026","Oscars 2026: Best Production Design Winner","Best Production Design","50401","oscars-2026-best-production-design-winner","https://polymarket.com/event/oscars-2026-best-production-design-winner","One Battle After Another","614875","will-one-battle-after-another-win-best-production-design-at-the-98th-academy-awards","Will One Battle After Another win Best Production Design at the 98th Academy Awards?","Yes","No","0.0105","0.9895","0.01","0.009","0.012","0.003","26899.318753999985","791.5575539999999","10534.68675","2026-03-13T02:02:59.097762Z","True","False"
"2026","Oscars 2026: Best Production Design Winner","Best Production Design","50401","oscars-2026-best-production-design-winner","https://polymarket.com/event/oscars-2026-best-production-design-winner","Marty Supreme","614874","will-marty-supreme-win-best-production-design-at-the-98th-academy-awards","Will Marty Supreme win Best Production Design at the 98th Academy Awards?","Yes","No","0.0075","0.9925","0.005","0.006","0.009","0.003","16455.023853","802.49855","6812.59993","2026-03-13T02:03:44.772816Z","True","False"
"2026","Oscars 2026: Best Sound Winner","Best Sound","181411","oscars-2026-best-sound-winner","https://polymarket.com/event/oscars-2026-best-sound-winner","F1","1242805","will-f1-win-best-sound-at-the-98th-academy-awards","Will F1 win Best Sound at the 98th Academy Awards?","Yes","No","0.795","0.205","0.8","0.79","0.8","0.01","50119.663589000025","3730.784306","7996.643","2026-03-13T02:03:31.918673Z","True","False"
"2026","Oscars 2026: Best Sound Winner","Best Sound","181411","oscars-2026-best-sound-winner","https://polymarket.com/event/oscars-2026-best-sound-winner","Sinners","1242808","will-sinners-win-best-sound-at-the-98th-academy-awards","Will Sinners win Best Sound at the 98th Academy Awards?","Yes","No","0.1305","0.8695","0.126","0.126","0.135","0.009","62206.42641999998","1337.922755","7072.49299","2026-03-13T02:03:22.350706Z","True","False"
"2026","Oscars 2026: Best Sound Winner","Best Sound","181411","oscars-2026-best-sound-winner","https://polymarket.com/event/oscars-2026-best-sound-winner","Sirāt","1242809","will-sirt-win-best-sound-at-the-98th-academy-awards","Will Sirāt win Best Sound at the 98th Academy Awards?","Yes","No","0.0525","0.9475","0.053","0.052","0.053","0.001","17013.701003000002","1059.1725800000002","6952.84151","2026-03-13T02:02:49.1442Z","True","False"
"2026","Oscars 2026: Best Sound Winner","Best Sound","181411","oscars-2026-best-sound-winner","https://polymarket.com/event/oscars-2026-best-sound-winner","Frankenstein","1242806","will-frankenstein-win-best-sound-at-the-98th-academy-awards","Will Frankenstein win Best Sound at the 98th Academy Awards?","Yes","No","0.0175","0.9825","0.013","0.013","0.022","0.009","21568.041561000002","969.143348","9869.9234","2026-03-13T02:03:32.868276Z","True","False"
"2026","Oscars 2026: Best Sound Winner","Best Sound","181411","oscars-2026-best-sound-winner","https://polymarket.com/event/oscars-2026-best-sound-winner","One Battle After Another","1242807","will-one-battle-after-another-win-best-sound-at-the-98th-academy-awards","Will One Battle After Another win Best Sound at the 98th Academy Awards?","Yes","No","0.0115","0.9885","0.01","0.01","0.013","0.003","14741.481491","2616.79124","6796.92505","2026-03-13T02:03:00.897176Z","True","False"
"2026","Oscars 2026: Best Supporting Actor Winner","Best Supporting Actor","50294","oscars-2026-best-supporting-actor-winner","https://polymarket.com/event/oscars-2026-best-supporting-actor-winner","Sean Penn","614252","will-sean-penn-win-best-supporting-actor-at-the-98th-academy-awards","Will Sean Penn win Best Supporting Actor at the 98th Academy Awards?","Yes","No","0.71","0.29","0.72","0.7","0.72","0.02","410078.79269900004","20012.557212000003","22473.1014","2026-03-13T02:02:55.011956Z","True","False"
"2026","Oscars 2026: Best Supporting Actor Winner","Best Supporting Actor","50294","oscars-2026-best-supporting-actor-winner","https://polymarket.com/event/oscars-2026-best-supporting-actor-winner","Stellan Skarsgård","614253","will-stellan-skarsgrd-win-best-supporting-actor-at-the-98th-academy-awards","Will Stellan Skarsgård win Best Supporting Actor at the 98th Academy Awards?","Yes","No","0.19","0.81","0.18","0.18","0.2","0.02","2979521.0078499573","19365.732769999995","19471.3608","2026-03-13T02:03:34.60674Z","True","False"
"2026","Oscars 2026: Best Supporting Actor Winner","Best Supporting Actor","50294","oscars-2026-best-supporting-actor-winner","https://polymarket.com/event/oscars-2026-best-supporting-actor-winner","Delroy Lindo","614257","will-delroy-lindo-win-best-supporting-actor-at-the-98th-academy-awards","Will Delroy Lindo win Best Supporting Actor at the 98th Academy Awards?","Yes","No","0.091","0.909","0.091","0.089","0.093","0.004","238806.6121120001","24816.549337","6142.62505","2026-03-13T02:03:40.40844Z","True","False"
"2026","Oscars 2026: Best Supporting Actor Winner","Best Supporting Actor","50294","oscars-2026-best-supporting-actor-winner","https://polymarket.com/event/oscars-2026-best-supporting-actor-winner","Jacob Elordi","614261","will-jacob-elordi-win-best-supporting-actor-at-the-98th-academy-awards","Will Jacob Elordi win Best Supporting Actor at the 98th Academy Awards?","Yes","No","0.01","0.99","0.01","0.009","0.011","0.002","181994.4632720003","16422.643268000003","10392.33805","2026-03-13T02:03:39.307628Z","True","False"
"2026","Oscars 2026: Best Supporting Actor Winner","Best Supporting Actor","50294","oscars-2026-best-supporting-actor-winner","https://polymarket.com/event/oscars-2026-best-supporting-actor-winner","Benicio Del Toro","614268","will-movie-a-win-best-supporting-actor-at-the-98th-academy-awards-551","Will Benicio Del Toro win Best Supporting Actor at the 98th Academy Awards?","Yes","No","0.0055","0.9945","0.01","0.004","0.007","0.003","244288.6673769999","12459.224162","13629.50852","2026-03-13T02:03:43.024233Z","True","False"
"2026","Oscars 2026: Best Supporting Actress Winner","Best Supporting Actress","50301","oscars-2026-best-supporting-actress-winner","https://polymarket.com/event/oscars-2026-best-supporting-actress-winner","Amy Madigan","614361","will-amy-madigan-win-best-supporting-actress-at-the-98th-academy-awards","Will Amy Madigan win Best Supporting Actress at the 98th Academy Awards?","Yes","No","0.468","0.532","0.476","0.46","0.476","0.016","345157.6250359993","32304.35563299999","32354.76493","2026-03-13T02:03:30.881695Z","True","False"
"2026","Oscars 2026: Best Supporting Actress Winner","Best Supporting Actress","50301","oscars-2026-best-supporting-actress-winner","https://polymarket.com/event/oscars-2026-best-supporting-actress-winner","Teyana Taylor","614355","will-teyana-taylor-win-best-supporting-actress-at-the-98th-academy-awards","Will Teyana Taylor win Best Supporting Actress at the 98th Academy Awards?","Yes","No","0.305","0.695","0.3","0.3","0.31","0.01","175245.76885099983","7369.544442","22412.0734","2026-03-13T02:03:32.054927Z","True","False"
"2026","Oscars 2026: Best Supporting Actress Winner","Best Supporting Actress","50301","oscars-2026-best-supporting-actress-winner","https://polymarket.com/event/oscars-2026-best-supporting-actress-winner","Wunmi Mosaku","614358","will-wunmi-mosaku-win-best-supporting-actress-at-the-98th-academy-awards","Will Wunmi Mosaku win Best Supporting Actress at the 98th Academy Awards?","Yes","No","0.188","0.812","0.187","0.187","0.189","0.002","589273.2236460004","11540.481361","10694.65498","2026-03-13T02:03:38.697Z","True","False"
"2026","Oscars 2026: Best Supporting Actress Winner","Best Supporting Actress","50301","oscars-2026-best-supporting-actress-winner","https://polymarket.com/event/oscars-2026-best-supporting-actress-winner","Inga Ibsdotter Lilleaas","614362","will-inga-ibsdotter-lilleaas-win-best-supporting-actress-at-the-98th-academy-awards","Will Inga Ibsdotter Lilleaas win Best Supporting Actress at the 98th Academy Awards?","Yes","No","0.0355","0.9645","0.037","0.033","0.038","0.005","145394.2946400001","24429.341398000004","11139.87755","2026-03-13T02:03:20.805834Z","True","False"
"2026","Oscars 2026: Best Supporting Actress Winner","Best Supporting Actress","50301","oscars-2026-best-supporting-actress-winner","https://polymarket.com/event/oscars-2026-best-supporting-actress-winner","Elle Fanning","614357","will-elle-fanning-win-best-supporting-actress-at-the-98th-academy-awards","Will Elle Fanning win Best Supporting Actress at the 98th Academy Awards?","Yes","No","0.0055","0.9945","0.004","0.004","0.007","0.003","148289.39940999993","8393.192271","17663.59221","2026-03-13T02:03:27.080837Z","True","False"
"2026","Oscars 2026: Best Visual Effects Winner","Best Visual Effects","181416","oscars-2026-best-visual-effects-winner","https://polymarket.com/event/oscars-2026-best-visual-effects-winner","Avatar: Fire and Ash","1242826","will-avatar-fire-and-ash-win-best-visual-effects-at-the-98th-academy-awards","Will Avatar: Fire and Ash win Best Visual Effects at the 98th Academy Awards?","Yes","No","0.9245","0.0755","0.942","0.913","0.936","0.023","20921.086932000013","2318.458076","7016.75664","2026-03-13T02:03:31.153509Z","True","False"
"2026","Oscars 2026: Best Visual Effects Winner","Best Visual Effects","181416","oscars-2026-best-visual-effects-winner","https://polymarket.com/event/oscars-2026-best-visual-effects-winner","Sinners","1242830","will-sinners-win-best-visual-effects-at-the-98th-academy-awards","Will Sinners win Best Visual Effects at the 98th Academy Awards?","Yes","No","0.035","0.965","0.04","0.03","0.04","0.01","10669.729791999998","3671.3866350000003","5419.70062","2026-03-13T02:03:42.236087Z","True","False"
"2026","Oscars 2026: Best Visual Effects Winner","Best Visual Effects","181416","oscars-2026-best-visual-effects-winner","https://polymarket.com/event/oscars-2026-best-visual-effects-winner","F1","1242827","will-f1-win-best-visual-effects-at-the-98th-academy-awards","Will F1 win Best Visual Effects at the 98th Academy Awards?","Yes","No","0.0205","0.9795","0.022","0.019","0.022","0.003","13430.110309000002","2864.08516","7494.51187","2026-03-13T02:03:11.147199Z","True","False"
"2026","Oscars 2026: Best Visual Effects Winner","Best Visual Effects","181416","oscars-2026-best-visual-effects-winner","https://polymarket.com/event/oscars-2026-best-visual-effects-winner","Jurassic World Rebirth","1242828","will-jurassic-world-rebirth-win-best-visual-effects-at-the-98th-academy-awards","Will Jurassic World Rebirth win Best Visual Effects at the 98th Academy Awards?","Yes","No","0.0035","0.9965","0.007","0.003","0.004","0.001","12956.438248","2090.234864","11471.37721","2026-03-13T02:02:54.846589Z","True","False"
"2026","Oscars 2026: Best Visual Effects Winner","Best Visual Effects","181416","oscars-2026-best-visual-effects-winner","https://polymarket.com/event/oscars-2026-best-visual-effects-winner","The Lost Bus","1242829","will-the-lost-bus-win-best-visual-effects-at-the-98th-academy-awards","Will The Lost Bus win Best Visual Effects at the 98th Academy Awards?","Yes","No","0.0035","0.9965","0.002","0.003","0.004","0.001","12234.318119","2424.483097","7846.11075","2026-03-13T02:03:47.401081Z","True","False"
